gene,sequence,optimal_secondary_structure,thermodynamic_ensemble,centroid_secondary_structure,optimal_secondary_structure_mfe,thermodynamic_ensemble_fe,centroid_secondary_structure_mfe,frequency_of_mfe_structure,ensemble_diversity
AKT3-217 utr5:protein_coding,GCAGCCCUUCGCUUGCCCUCCCGCCGGCCGCACCGGGCUCCAGGAGGCCAGAGGCUCUGUGGGGUGGGGGGAGGACAGGAGGGGAGGAGGAGGGAGGGGGGACCCCCGAGUCGCCCCCUCUCCUCCCCCCGCCCCCCCCCGGCUCCAUCCUCCGCCGCCGCCCGAGCAGCUGCGGGGCCGCCACCGCCGCCGCCGCCGUUGCAGGCUGAGUCAUCACUAGAGAGUGGGAAGGGCAGCAGCAGCAGAGAAUCCAAACCCUAAAGCUGAUAUCACAAAGUACCAUUUCUCCAAGUUGGGGGCUCAGAGGGGAGUCAUC,....(((((((((.(((((((((((((((....(((((....(((((...(((.......(((((((((((((((.......++.++.++.+~((((((((((......))).)))))))))))))))))))))).......)))...)))))......))))).(((((.(((((((.((....)).))).)))).))))).)))))(((....))).....))))).))))))))..((((...................))))..................((((((...))))))....)))))).......,"....(((((((({{(((((((((((((((....(((((....(((((...((({{{....(((((((((((((((.......(.........)((((((((((......))).)))))))))))))))))))))).....}))))...)))))......))))).(((((.(((((((.((....)).))).)))).))))).))))),,{..,{.,..,,,,))))),,)))))))..((((..{{..........,,...))))..................,((((,...)))))}....)))))).......",....((((((((.(((((.((((((((((....(((((....(((((...((..(.....(((((((((((((((.......++.++.++.+~((((((((((......))).))))))))))))))))))))))......).))...)))))......))))).(((((.(((((((.((....)).))).)))).))))).)))))...............)))))..)))))))..((((...................))))...................((((.....)))).....)))))).......,-160.2,-164.81,-149.5,0.000566214,46.7
CD9-201 utr5:protein_coding,AGCCGCCUGCAUCUGUAUCCAGCGCCAGGUCCCGCCAGUCCCAGCUGCGCGCGCCCCCCAGUCCCGCACCCGUUCGGCCCAGGCUAAGUUAGCCCUCACC,.((((((((...(((....)))...)))))...((((((....)))).))(((...........)))........)))...(((((...)))))......,".((((((((,..(((....))).,.}))),..,((((((....)))).))|{{.......,...,)).......,)))...(((((...)))))......",.(((.((((...(((....)))...))))....((((((....)))).)).........................)))...(((((...)))))......,-23.5,-25.41,-19.7,0.0448397,16.09
CLIP1-203 utr5:protein_coding,GGCGGCGGCCGCGGCGGCUGCUGCUGCUGCAGUGGGACAGGUGGCGGCGACCGGCGGCGUCCGAGGAGAUUUAAUCCAGAGACUGACUUCACUAUAGAACCCACAGUUGUAUCAAUGGUUGGGGAAAGAUAGUGGCAACAGGCAAAGGAGAAACAGCUCUGACAUACAAAGAAA,(((((((((((...)))))))))))(((((.((.++...++.++.+~..))..)))))(((.(((.........(((.....(((...(((((((....(((((.((((...)))).)).))).....)))))))...))).....))).......))).)))...........,"(((((((((((...)))))))))))(((((.((.(...........)..))..)))))(((.(((....,,,..(((.....(((...(((((((....(((((.((((...)))).),}))).....)))))))...))).....))).,,....))).)))...........",(((((((((((...)))))))))))(((((.((.++...++.++.+~..))..)))))(((.(((.........(((.....(((...(((((((....(((((.((((...)))).).)))).....)))))))...))).....))).......))).)))...........,-62.51,-64.48,-62.51,0.0411906,10.9
DCP1A-206 utr5:protein_coding,AGAGGGGCUAGGCUCUGGGAUUCAAG,...(((((...)))))..........,".,{({{,{...,))))..........",..........................,-3.7,-4.41,0.0,0.316865,6.67
EHD4-201 utr5:protein_coding,AGUGCGAGCCGGGGAGAGUCGAACCCGGAGCAGGGUCCCAUCCGAGCGUGGACUGGCGGCAGG,..(((...(((((..........))))).)))..((((((((((....)))).))).)))...,"..(((...(((((..........))))).)))..(((((((((,....}))).))).)))...",..(((...(((((..........))))).)))..(((((((((......))).))).)))...,-21.2,-21.87,-21.2,0.337219,5.7
EIF2AK2-201 utr5:protein_coding,GAAACUGAGAACCAGCUCUCCCGAAGCCGCGGGUCUCCGGCCGGCGGCGGCGGCGGCGGCGGCGGCGGCGCAGUUUCUGGAGCAAAUUCAGUUUGCCUUCCUGGAUUUGUAAAUUGUAAUGACCUCAAAACUUUAGCAGUUCUUCCAUCUGACUCAGGUUUGCUUCUCUGGCGGUCUUCAGAAUCAACAUCCACACUUCCGUGAUUAUCUGCGUGCAUUUUGGACAAAGCUUCCAACCAGGAUACGGGAAGAAGAA,....(((.....))).(((((((..(((((((((...((...++.++.++.+~))((++.++.++.+~....))(((((((((((((((((.........))))))))))..........((((...((((((.(((((.........))).)).))))))(((.....))))))))))))))........(((......)))...))))))).))(((((((.............))))))).)))).)))....,".,..((({,...},|{({((({(,,(({(((({{..(((...(.........)))),(.........),||.},|||,|||(((((({{{|,,,....,,)|||||}||}...,,,....((((...((((((.(((((.........))).)).))))))(((.....)))))))}})))},.,.,.,,,||(.,....)))...,}}}}}|.}}..,{((({.......}}}},}}}))},.)))))}),....",...................((((.............(((...++.++.++.+~))).++.++.++.+~..............(((((((((.........)))))))))...........((((...((((((.(((((.........))).)).))))))(((.....)))))))............................................((((.......)))).........))))........,-94.6,-99.2,-72.7,0.000571281,74.06
HSPH1-209 utr5:protein_coding,ACACUUCUCCCAGCGGGACUACGAUUCCCAACAUGCUCUCCGGACAGCUGGCCGGCCUCCCCACCAUCCCGGUGUCUGGGGUCUCUGCAAAAAUGGGGUCUGUCUCCGCCCGCCCAGCCUCCCUUUAGCGUUAAGGAUCGGACACCACCUCCCGGUAGUAAAUUGUGACUAUUCCGAGUUUUGGAGUCAUUCUUCGUUGCCUGUUUUAUUAGGGCAGCAAAACGCCUGUGGCUAGGGCGGGAGUGGGCGGAGGCAGGUUUGAGCCAAUGGCACGGGAGCGGCCCUGUCGCUGCC,..........((((((((.......)))).............(((((..(((((..(((((....(((((((...)))))))((((........))))(((((((((((((((((.((((.((....(((((((((((..(((.(((.(((..((((((........))))))..)))...))).))))))))).(((((((.........)))))))..)))))....))...)))).)).))))))))))))))).....(((...)))..)))))))))))))))))))..,".......,,,({{{((({.......}}}}....,,,.,,{{{(((({{{((,,({.,,,,,..}},,,||||}}})))))),,,{,}},....})))){((((((((((((((((.((((.((....((((({(((({..(((.(((.(((..((((((........))))))..)))...))).)))}))))).(((((((.........)))))))..)))))....))...)))).)).))))))))))))))}.....(((...)))..||}||||||,,,))))))},,",..............((((.......))))..........((((((............................))))))...................(((((((((((((((((.((((.((....(((((((((((..(((.(((.(((..((((((........))))))..)))...))).))))))))).(((((((.........)))))))..)))))....))...)))).)).))))))))))))))).....(((...))).......................,-115.1,-118.86,-85.2,0.00223321,56.57
IARS1-204 utr5:nonsense_mediated_decay,CGGUGCGGAGCCUGUCUCCUUCACUGGAUCCCGCAUUUUCAGCGCGUUGCAUCACCUCCGUGCGCCCGGUUGCAGCGUGGACGCCGGAUGAGUUGCUUUUAGGCUUGCUGGCCCGCGGGGCUGUCCAGGCACGCGAGGCCCCUCAGCAACAAA,.(((((((.(((((..(((......)))...........))).)).)))))))...((((.(((((((.......)).)).)))))))...((((((...(((......((((((((..(((.....))).)))).))))))).))))))...,".((((((({({{,{.,|||....,,)}|,,,,{{.....}}},|}{|||||}}.,,((((.({((({({..,,.,)},)).}))}))},,,((({{{...,||}.,,},|||{{|||..|{{..,,.))).)))),))}},)).})))))...",........................................................((((.(((((............)).)))))))...((((((............((((((((..............)))).))))....))))))...,-57.1,-58.29,-29.5,0.1456,61.76
LAP3-210 utr5:protein_coding,GCGAGUAGUCGUCCGACGUCUGGCCGUGAGACGUUUCGGGAGCCGGAGUCUCUCCACCGCAGAC,((((....)))).....((((.((.((((((..((((((...))))))..))).))).)))))),"{(({....}}}}..,,,((((,,{.((((((,,{(((((...)))))),.)))}})).))))))",((((....)))).....((((..(.((.(((..((((((...))))))..)))..)).).)))),-18.8,-20.84,9.7,0.0364926,18.33
MAP3K5-201 utr5:protein_coding,GAGCCGACUUGUCAGCCGGCCAAGAAAAGGAAGCUCCGUCCCUUCCCGCUCACCCGGCUUCCCCACCCCUUGUACUCUAAACUCUGCAGAGGGCGAGCGGCGCGGCCACGGAGGCGCCGAGGAGGAGCGAGCCGCCGCCGGGCAGCGGCGUGCCCUCGGGGGAGAGGGCGCCGGAGAGGAGGCGGCGGCGCGGCGGCGAGGGCGCGGCGCGCGAUGGCAGCUGCUUAGCCCGGCGGGCGCGGAGCAGCCCCGAGCUGUGGCUGGCCAGGCGGUGCGGCUGGGCGGGGGACGCCGCCGCCGUUGCUGCCCGGCCCGGAGAG,.(((((......(((((((.........((..(((((((.....((((((..(((..(((((((....(((((.((((.........)))).)))))((((((..........))))))..((((.(((.(((((.((...)).))))).)))))))))))))).)))(((((....++.++.++.+~..)))))....(((((((((..((....)).)))))...)))))))))).)))))))..))))).)))))))))((((.(((((((((((..(((((......))))))))).))))))).)))).......,".,((((.,,,,.,,((((({{,,,....((..(((((((.....((((({..(((..(((((((....{((((,{{{,......,,,)}|),||}}|(({(((.,,,..,,.,}}}})}..{{{{.{||.{((((,({,,,)).))))).)))))))))))))).)))(((((....(.........)..))))),,,.(((((((((,,{{....)).)))))...)))))))))).)))))))..))}},.,)),)))))||||,||||||(((((,,(((((..,.,,}}}}}))))}}})))))})))).......",..............(((((((.......((..(((((((.....((((((..(((..(((((((.....(((..(((...........)))..))).((((((..........))))))..((((.(((.(((((.((...)).))))).)))))))))))))).)))(((((....++.++.++.+~..)))))....(((((((((..((....)).)))))...)))))))))).)))))))..)).........)))))))..(((((..((((...((((......)))).))))...)))))............,-181.7,-184.93,-161.4,0.0052756,91.65
MEX3A-202 utr5:protein_coding,AAAAGAGUUUGAGCGCUGGAAGGGGCUGGGCUCUAUUGGGGGCCACUGAGCGCCGCUCCCGGACUGGGGCUCGGUGCGGGAGCCUAACGGGGGCGCCUGGACAGCGGGGGCUAGAGACUCCCAGGUCCGAGGCGGGAGGGGUGGGGGCAGAGAUCCUGCAGCCCCCCGCCCCCCGUCACCCCCGGAGAGGAGAGGAGAUCUGCUUUCUUGGUUUUGCUUCUCUUUCCCCCCACCCCCACCCCGGGGGCUGGGGCGAGGGGAGUCGGGUUACAGGGUGUUUGGGGAGGGGGGCUUAGGGGGAGGGUCUAUCUUUCUAUCUCGCUUUCUUCCCCCCUCCCCAGUUCUUUGUUCCCCCCUCCCCACACACCCCCUCCUCUCCUCUCCCCUCCCCUCCUCUCUCCUCUUUUCCCUUCCACCACCUCUCUCUCUCUCUCUCCCUCUCUCUCUCCCCCAGCUUUUGUUUCGCC,...((((...(((...(((((((((((.((((((....))))))....)))...(((((((.((((.....)))).)))))))....(((((((((((((((...(((((.......)))))..)))).)))))((.(((((((((((((.....))))....)))))))))))....))))))((((((((((((((...((............)).)))).....((((((((((.....))))).))))).((((((((..(((.....((((((.((((((((((((...((((((((((...........................))))))))....)).....)))))))))))).))))))......)))..)))))))).......))))))))))..))))))))....)))...))))......................................,"...((((...(((...(((((((((,,,((((({...,|}}}))....})).,,(((((((.((((,...,)))).)))))))....(((((((((((((((...(((((.......)))))..)))).)))))((.(((((((((((((.....))),...})))))))))))....))))))(((((((((((((,...((,.....}},...}}.}}}},....((((((((((.....))))).))))).((((((((..(((.....((((((.((((((((((((,..((((((((((...........................))))))))....}}..}..)))))))))))).))))))......)))..))))))))..,,}},)))}})}}},..))))))))....)))...))))........................{{....,,......",...((((...(((...((((((((.....((((......))))...........(((((((.((((.....)))).)))))))....(((((((((((((((...(((((.......)))))..)))).)))))((.(((((((((.(((.....))).....)))))))))))....)))))).((((......................................((((((((((.....))))).))))).((((((((..(((.....((((((.((((((((((((...((((((((((...........................))))))))....)).....)))))))))))).))))))......)))..))))))))............))))...))))))))....)))...))))......................................,-228.4,-234.14,-199.6,8.99508e-05,67.03
MOV10-202 utr5:protein_coding,GAUAGGACGAAGAAACCGAAGGGAAAGCUCAGGGCCGCCAACUUCCAGCUGCAGCGGCGACUUUCAGUUUCAUUUCCACGGACCCUCCUGCCUGGGCCGCAGCCGCCGCCGCGAUGCCCAGUAAGUUCAGCUGCCGGCAGCUCCGGGAGGCGGGCCAGUGUUUCGAGAGUUUCCUGGUCGUUCGGGGACUGGACAUGGAGACAGAUCGCGAGCGGCUGCGGACCAUUUAUAACCGCGACUUCAAGAUCAGUCUUGCCUCCAGCAAAUCCAUCCUCCAAUCCUGAUGCCAGAGUGAUCUGAAAUGCAAAUAUGAUCUUGCCACUCCCCUGCUUAAAACCCACCAACCGCAGUGGUUCUGUAACCACAGUGUAGCCUCUGACGUGGGCUGAAAGCACAAAGCCAGGCUAUUUGAUCUCUGGAGAAGGAUCCUUUCCCUUCCUGCUUGGGUUCCACCUGCACCCUAUGACUUCGGGUGGAAACUGCUGUCUGAUCAGCCACCUUGCCCACACACUUGGACAUCUGUACUGUCUCUGAUCCCUUCUCUCCUCACCAACAGGCUGGACCCCACAUCCACCCCUCUGAAUCAAAUCAUUCCGCUUCCCCUUAGCCUCAGCUCUUUCUUCUGGGUUGUUUGUAUUUUCUUUUCUGUCCCAAACAGUUUCCCCCACAAAAAGAACUUUAUGUCUUUCUCUGUCUUCCCUCAGUCCUUCCAGUCAGCAGCCUGUGAUUGGGCUUUUCCCCUCAGAAACGAACAAUCCAGAACCCACUGUUUAAAACAACUGUAUUUUGCCUUGGGAAGUCCCAUUGCCUUCCCUGAAAACAUUAAACAUUCCUCCGAUCCCCAGCCUGAGUCUCUCUGUCUCUGGGCCCCAUCCUGCUCCACAGCAGGGCUGGUGUGUCCAGCACAGAGUGACCCUCCGAUGCCCUUUCCCACCCGCCGCCCUGCCUCCCUCGAGCCCUGCCUUCCCUCACUUCCCAGUCUCCUCUGCUUCUGGCAGCUUUGGGACCCCCGCCCCUGGCUUCUCCUCC,...((((.((((.......((((((.((..(((((((.........((((((.((((((((((................(((...)))...(((((((((.((....)).)))..)))))).)))))..)))))..))))))..(((((((((((..(((....(((((......(((...((((((..(((....(((((..(((((.((((((.(((((((((.........((((.((((.(((((.(((.((.((.((..................)))).)).))).)))))))))..((((........))))........(((((....(((((......(((.((((((((....))))...)))).)))..)))))....))))).....((((((............((.(((((........))))))))))))).(((((((((.............)))))))))...((((......))))....)))).........)))...))))))))).)))))))).....)))))...))).((((((((...................((((......)))).(((.......)))............(((((((((((((((..........((((.....))))............(((((........))))).((((.........(((((.(((((........))).))..)))))........)))).))))))))))))))).....(((((((..............((..((((....))))..))..............)))))))............)))))))).(((.((((((..((((((.((((((((((....))))))).)))...)))))).)))))).))).)))))).)))))))).....))).)))).))))))).)).))))))).))))))....((((((......(((((...)))))..))))))...((......))))))))))..,"...((((.((((.....{.{(((((.({.{(((((((.........((((((.((((((((({................(({...}))}}.(((((((((.((....)).)))..)))))).}))}}..)))))..))))))..(((((((((((..(((....(((((......((,{{.{(((((..{((....(((((,{(((((,((({((,(((((({,..........(({..(((,{(((((.(((.((.{,{((..................)))).)).))).))))))))).,||,,....{{,,,,||{.......(((((....(((((.....,(((.((((((((....))))...)))).))).,)))))....)))))...,,,,,||}.....}}}}...{(.(((((........)))))}}|},}||{(((((((((.............))))))))}.,.((((......))))....,}}}{{{......))).,.,}})},))),)))))})),....)))}}...}}}.((((((((..................,((,,.....,},,,.(((.......}}}....,,......(((((((((((((((...,,,,...((((.....))))............{((({,{.....}))))}..(((........}}}....{(((((((......,,)))))))),,........,)))}))))))))))))))).....(((((((.......,......({..((((....}))}..)).,,,.,........))))))}............)))))))).(((.((((((..((((((.((((((((((....))))))).)))...)))))).)))))).))).))))))})))))))).....))).)))).))))))).)).))))))},)))))),...{(((((......(((((...)))))..))))))...,,,,,...))))))))))..",...((((.((((.......((((((.(...(((((((.........((((((.(((((.((((................(((...)))...(((((((((.((....)).)))..)))))).))))...)))))..))))))..(((((((((((..(((....(((((......((....((((((...((...........(((((.((((((........................(((..(((((.(((.((.(.(((..................)))).)).))).))))).)))..........................(((((....(((((......(((.((((((((....))))...)))).)))..)))))....)))))..........................(((((........)))))..........((((((((.............))))))))....((((......))))........((........)).........))).)))))))).............))..((((((((..................................(((.......)))............(((((((((((((((..........((((.....))))............(((((.(.....))))))..(((........))).....(((((((........)))))))................))))))))))))))).....(((((((..............((..((((....))))..))..............)))))))............)))))))).(((.((((((..((((((.((((((((((....))))))).)))...)))))).)))))).))).))))))..))))))).....))).)))).))))))).)).))))).).))))))....((((((......(((((...)))))..)))))).............))))))))..,-310.2,-326.4,-267.5,3.82712e-12,184.84
NFE2L1-201 utr5:protein_coding,CCGAGCUCUAGGCCGGCCGGCGGUGGCGGCGGCGAGGCCGGGACUCGGGCUUAGGGCCUGCUGUGGAGGCAGCGGCGGACGCCGAGCUAAGCAGUUUCUCUGGAAACCCCCCUGGUAAGUGUGGAGGAGGCGGGACACUCUGACCCAAGACGAAAGGCCUGUAGCUCCAGCCAAAGAAAAUAAACCUUAGGAGGGAGAAGGAAAAAAAAAAUCCAUCAGCUGUUCCUGAGAACAGCCUGCAUUGGAAUCUACAGAGAGGACAACUAAUGUGAGUGAGGAAGUGACUGUAUGUGGACUGUGGAGAAAGUAAGUCACGUGGGCCCUUGAGGACCUGGACUGGGUUAGGAACAGUUGUACUUUCAGAGGUGAGGUGUCGAGAAGGGAAAGUGAAUGUGGUCUGGAGUGUGUCCUUGGCCUUGGCUCCACAGGGUGUGCUUUCCUCUGGGGCCGUCAGGGAGCUCAUCCCUUGUGUUCUGCCAGGGUGGGGUACGGGGUUUGACACUGAGGAGGGUAACCUGCUGGCUGGAGCGGCAGAGCAGUGGCCUUGAUUUGUCUUUUGGAAGAUUUUAAAAACCAAAAAGCAUAAACAUUCUGGUCCUUCAGCA,(((((.(((.((((.((.++.++.++.+~..))..)))).))))))))(((.((((((.(((((...(((..((((....)))).)))..)))))..(((((....((((((((((.((((.++.++.++.+~..))))(((((.........((((((....((((((((((...........(((....))).....(((.........)))..(((((((((((((...(((((.(((((((..(((.......)))...)))))))..........((((((.(((.....((....))...)))))))))..(((((.....)).))))).)))..)))))))))))))(((((((.....(((....)))......)))))))....))).)))))))........))))))(((((((.((((.......)))).))))))))))))(((((.((.....)).)))))))))))).)))...)))))...((((.....((((.((..(((((.((((...))))..))))))).))))....))))((((((.............))))))..............))))))..))).,"(((((.(((.((((.((,(..,......}..)}..))))}))})))))(((.((((((.(((((...,||}}|(((....)))}.|||..}}}||{,{,,,{|...|{{{{{{(((.((((.(.........)..)))),{.||}.,{{{{{{(((((({{{.(((((((((,..........,((({.,{{||,....(((.........)))..(((((((((((((...(((((,(((((((..(((......,))}...))))))),.,,......{{{{||.,((,,..,((....,,...,},)))))),,((({({....)).))))).)))..))))))))))))),,|||||.,}}}|,,,{{{|||,.....}},,},,....,,,,)},||||...{{{{{|||,,,(((((((.((((.......)))).))))))))))))}||}},},.,|||||{|||||||}},})})))}}}))))),}})})})}.{(.(((....))).))}|||}}}}).))}..,,...}))))}..,}|||}|{((((.............))))},.,.,..........))))))..))).",(((((.((..((((.((.++.++.++.+~..))..))))..)))))))(((.((((((..............((((....)))).................................((((.++.++.++.+~..)))).........((((..((((.(((.(((((((((............(((............(((.........)))..(((((((((((((...(((((.(((((((..(((.......)))...)))))))..........(((((.........................)))))..(((..........))))).)))..))))))))))))).........)))....(((((.................................((((((....(((((((.((((.......)))).))))))).)))))).........................................)))))..((.(((....))).))))))))))).)))........)))).....)))).(((((.............)))))...............))))))..))).,-243.3,-252.09,-177.03,6.35503e-07,176.29
ODC1-201 utr5:protein_coding,GUCAGUCCCUCCUGUAGCCGCCGCCGCCGCCGCCCGCCGCCCCUCUGCCAGCAGCUCCGGCGCCACCUCGGGCCGGCGUCUCCGGCGGGCGGGAGCCAGGCGCUGACGGGCGCGGCGGGGGCGGCCGAGCGCUCCUGCGGCUGCGACUCAGGCUCCGGCGUCUGCGCUUCCCCAUGGGGCUGGCCUGCGGCGCCUGGGCGCUCUGAGAUUGUCACUGCUGUUCCAAGGGCACACGCAGAGGGAUUUGGAAUUCCUGGAGAGUUGCCUUUGUGAGAAGCUGGAAAUAUUUCUUUCAAUUCCAUCUCUUAGUUUUCCAUAGGAACAUCAAGAAAUC,...((((((((.(((((((((((((((..((((((((((..............((.(((((.((.....))))))).))...))))))))))..))..)))).....((((((++.++.++.+~....))))))..))))))))).((((((((((((((.(((((((.(((....)))..)))..)))))))).))).)).)))))........((((((.((...)).))).)))))))))))(((((((...(((((....((...((.....)).)).....)))))...)))))))..((((.((.((((...)))).)).))))....,"...{(((((((.{((((((((((((((..((((((((((......,{....,,|(.(((((.((.....))))))).),...))))))))))..))..)))).....(((((((.........)....))))))..))))))))}.((((((((((((((,(((((((.(((....)))..)))..)))))))).))).)).)))))..,,,...((((((.({...)),)}}.))))))))))}{(({{{{,{{((((({,{,,,.{{{.{{{{{|.,||,,.,.}}}}),.,}}}}})).}}}||,||.||||...))))..,.,,,.....",....(((((((..((((((((((((((..((((((((((...............(.(((((.((.....))))))).)....))))))))))..))..)))).....((((((++.++.++.+~....))))))..))))))))..((((((((((((((.(((((((.(((....)))..)))..)))))))).))).)).)))))........((((((.........))).))))))))))..........................................................................................,-155.5,-161.82,-133.6,3.49625e-05,85.0
OTUD3-201 utr5:protein_coding,GCUGCGUAGUCGUCGCCGGGCUCCGUUGCCCGCGCUGUUUUACCUUCCCAACGCUUGAGGCGGACGCUGGGGGGUCCUGCGCCUUUCCCUCCUGCCGCUGGGGACUGCAGGCUAAGGCC,(((..((((((...(((((((......))))).))...........((((..((..((((.((.(((.(((....))))))))....))))..))...)))))))))).))).......,",{{..((((((...(((((((......))))).))...........((((.(((..((((.((.(((.(((....)),)))}}....))))..)},).)))))))))).|||....}},",.....((((((...(((((((......))))).))...........((((.(((..((((....(((...........)))......))))..)).).))))))))))..((....)).,-44.8,-47.99,-36.8,0.00568761,19.56
PFKFB3-205 utr5:protein_coding,GCCGCUUGGACGUCGUCCUGUCUGGGUGUCGCGGGCCGGCCCCGCGGGGAGCGCCCCCGGCGCG,..((((((((((......))))))))))(((((((.....)))))))...(((((...))))).,..((((((((({......}))))))))){((((((.....))))))}...(((((...))))).,..((((((((((......)))))))))).((((((.....))))))....(((((...))))).,-30.3,-31.21,-30.0,0.22867,16.23
SHISA5-206 utr5:protein_coding,GGGCGGGGCCAUCCUGUGUCUUUAAGAGGGUGGAACGGGGCUUCGCGUCUGUGCUUCCUGUGGCUGACGUCAUCUGGAGGAGAUUUGCUUUCUUUUUCUCCAAAAGGGGAGGAAAUUGAAACUGAGUGGCCCACGAUGGGAAGAGGGGAAAGCCCAGGGGUACAGGAGGCCUCUGGGUGAAGGCAGAGGCUAAC,..((((((((...((((.(((..........))))))))))))))).((((((((.((((.((((....((((((((.....(((((.((((.((((((((......))))))))..)))).)))))...))).)))))...........)))))))))))))))).((((((((........))))))))...,"..((((((((..((({{.{((.....,,,..)),}}}})))))))).{((((((,,((((.((((....(((((,(..((..(((({.((((.((((((((......))))))))..)))).}))))..}),.}}}))),..........)))))))))))))))}.((((((((........))))))))...",..((((((((...((((.................)))))))))))).(((((((..((((.((((....(((((.(..((..((((..((((.((((((((......))))))))..))))..))))..))..))))))...........)))))))).))))))).((((((((........))))))))...,-72.5,-77.26,-70.0,0.000442671,34.23
SLC25A28-201 utr5:protein_coding,GGGCUCUCUGGGCCGCGCCUGAGGCGGACACUACGGGGCCGGGGGGCGGCGGCGGCAGUGGUGGCAGCGGCGGCGGGGGUGGGCGCCGCAGCUGGCCCGGGUGG,.(((((...))))).((((((.(((...((((((...(((.++.++.++.+~.))).))))))((.((((.++.++.++.+~...)))).))..))))))))).,"...{{,{(((((((,((((...))))..((((((...(((.(.........).))).))))))((.((((.(.........)...)))).))})))))))).}.",......((((((((.((((...))))..((((((...(((.++.++.++.+~.))).))))))((.((((.++.++.++.+~...)))).)).))))))))...,-81.9,-83.55,-81.6,0.0691753,20.45
SWAP70-201 utr5:protein_coding,AGGUGACUGCGCGGCGGGCUGUGGCUGCGGAGGUUGAGGGGCGUCCGAGGCGCGGAGGGGCUGGCUGGGCAGGAGGGGUUGGCGGGGCAGCAGGGCCGCGGCC,......((((.((((.(((((((.((.((((.(((....))).)))))).))).....)))).)))).))))........((((.(((......))).)).)),......((((.((((.(((((((.((.((((.(((....))).)))))).))).....)))).)))).))))........((((.(((......))).)}})),......((((.((((.(((((((.((.((((.(((....))).)))))).))).....)))).)))).))))........((((.(((......))).)).)),-47.9,-49.06,-47.9,0.152539,8.87
TRIM25-201 utr5:protein_coding,CGUUUCCUCGGCGGCCUCGGAGCGCGGGUGCAGCAGUUGUGUCCCGACCCCUGGGAGCGCC,(((((((..((.((..((((.((((((.((...)).)))))).)))))))).)))))))..,(((((((..((.((..((((.((((((.((...)).)))))).)))))))).)))))))..,(((((((..((.((..((((.((((((.((...)).)))))).)))))))).)))))))..,-25.9,-26.28,-25.9,0.542567,5.13
WARS1-203 utr5:protein_coding,CGGACGGCGUUUCCACGGACGCCCAGGAGACAGCCGGUUGCUGAGCCGGGAGCGCUGACUGGCCCGGCUGGGCAGGGAUGAAAUUGAUUCUGCAGUAAAG,....((((((((((..((....)).)))))).))))..((((.(((((((..((.....)).))))))).))))(((((.......))))).........,"....((((((((((..((....)}.)))))).)))).,((((.(((((((..{......,,.))))))).))))|{{{{.......}}))}.........",....((((((((((..((....)).)))))).))))..((((.(((((((............))))))).)))).((((.......))))..........,-38.9,-40.83,-37.6,0.0433989,10.41
